row,TIC,split,sector,camera,ccd,detector_x,detector_y
2,261257641,train,1,4,2,2090.1142504650816,25.40956745943603
3,261257636,train,1,4,2,2085.603172609887,24.875693456244832
7,261239209,train,1,4,2,2086.745373611964,8.517532105975546
9,261236560,train,1,4,2,2078.360946531465,10.580442721077308
21,261239189,train,1,4,2,2078.962571846225,19.48958919178759
31,261206882,train,1,4,2,2054.1073391625596,12.730848381844822
34,261236510,train,1,4,2,2056.661217866871,18.811124310047937
36,261236508,train,1,4,2,2056.798403637491,21.619540854471108
37,261236503,train,1,4,2,2052.8421383142722,23.5665228106292
39,261236501,train,1,4,2,2051.547230956947,22.292711021901574
40,261206863,train,1,4,2,2048.485394242196,20.57109517172434
42,261206864,train,1,4,2,2048.2986491899237,19.746044312683125
44,261206892,train,1,4,2,2053.599078143806,6.457267041456532
45,261206879,train,1,4,2,2047.0958545856804,6.48526656791687
50,261206869,train,1,4,2,2045.190469998854,11.019542650242412
51,261204469,train,1,4,2,2042.9107520017124,8.464437913238962
52,261206875,train,1,4,2,2047.0684724673754,8.21057206438571
53,261204456,train,1,4,2,2036.4411593673256,12.945280918011774
54,261206867,train,1,4,2,2048.9372587531493,16.074254994849223
55,261206859,train,1,4,2,2040.570884844528,16.15759420535453
58,261206851,train,1,4,2,2036.1660613870647,16.209734432635265
62,261204453,train,1,4,2,2028.5275341534305,7.082794482107353
66,261204434,train,1,4,2,2020.2990830855122,15.063733300315823
68,261204429,train,1,4,2,2017.8011371108948,15.014644590828146
69,261156581,train,1,4,2,2019.3777274720514,4.446272686652469
73,392026045,train,1,4,2,2004.6904785280815,5.275075740126533
76,261156571,train,1,4,2,2013.533515680013,9.865916014963702
77,261156558,train,1,4,2,2005.3061438314658,9.149921461868601
78,261156563,train,1,4,2,2007.8802457534061,10.016585372138787
81,392026032,train,1,4,2,1995.06761889692,8.401568354244642
82,392026025,train,1,4,2,1991.250334397826,10.190434028041516
83,392026024,train,1,4,2,1987.5961470528453,5.86321762673732
84,392026018,train,1,4,2,1986.1037086688048,8.200070670695425
90,261257606,train,1,4,2,2081.5504758429315,42.74645435395025
91,261257613,train,1,4,2,2078.4465136674444,35.39076747213935
94,261257608,train,1,4,2,2074.1713985771403,34.566093732538405
95,261239161,train,1,4,2,2069.6571255449508,32.89928159404311
99,261257596,train,1,4,2,2070.877860710327,36.392188837064765
103,261260240,train,1,4,2,2087.420348868094,46.87487991827386
104,261260232,train,1,4,2,2083.3158513363855,49.0429279133771
105,261260230,train,1,4,2,2082.8552905644897,52.34951356188683
107,261260227,train,1,4,2,2078.1402957305163,48.670986581605526
109,261257592,train,1,4,2,2076.7822086617025,46.69133921751675
111,261260225,train,1,4,2,2083.4890410405324,54.89140825742045
115,261257561,train,1,4,2,2065.847371935346,56.63449275152647
116,261257591,train,1,4,2,2074.3565481269898,44.34469616373207
118,261257582,train,1,4,2,2067.29945251996,46.40656034052478
120,261239130,train,1,4,2,2062.9687326069647,43.423351576115
121,261257572,train,1,4,2,2062.9840688911904,47.30676776828037
123,261257555,train,1,4,2,2058.7753809242377,52.56527966995794
125,261257557,train,1,4,2,2061.4725672494906,53.084760323563046
126,261239110,train,1,4,2,2054.5325575782017,49.87201194050261
131,261239104,train,1,4,2,2049.957726565487,52.939664452021624
134,261239153,train,1,4,2,2065.6118575427768,33.32094064119222
135,261239154,train,1,4,2,2066.914815934205,34.54276436576624
138,261236492,train,1,4,2,2052.434133629008,31.166734572846373
139,261239137,train,1,4,2,2061.4198875670136,36.609307791106
142,261239128,train,1,4,2,2059.2739359738234,40.37831202939514
144,261236491,train,1,4,2,2053.8839708575615,32.80784090628211
146,261239122,train,1,4,2,2053.0076281212678,38.83329036652416
149,261236498,train,1,4,2,2052.4830992492734,25.180529498878446
150,261206854,train,1,4,2,2044.1979018182858,23.640143497550753
151,261206849,train,1,4,2,2043.3825946918375,25.906343494103595
152,261206850,train,1,4,2,2043.9917924443348,25.358171956258474
153,261206848,train,1,4,2,2042.889542305559,26.003185774568976
157,261206840,train,1,4,2,2038.9809440552015,27.001648576785904
159,261236490,train,1,4,2,2050.991005836033,31.835671402077033
161,261236483,train,1,4,2,2046.7725313431968,33.93129264924088
168,261239118,train,1,4,2,2055.5099684714432,42.49773877879097
172,261239106,train,1,4,2,2048.0041833495543,48.16689035478323
183,261260206,train,1,4,2,2067.950501943972,60.219284971561386
185,261260200,train,1,4,2,2068.1186632339163,66.28511369785195
187,261260191,train,1,4,2,2060.2429376602922,64.69333163554177
188,261260192,train,1,4,2,2062.3654544286833,66.32975121545711
189,261257529,train,1,4,2,2054.4053108917187,69.90408883001275
191,261257543,train,1,4,2,2051.361148616693,61.086581306256456
193,261257540,train,1,4,2,2049.638291700923,60.49145683475742
196,261257526,train,1,4,2,2050.728600202049,67.6489540643395
199,261260175,train,1,4,2,2055.971290228932,75.48151066669746
203,261260162,train,1,4,2,2049.368871116091,79.66432637434835
209,261257511,train,1,4,2,2039.0415101387255,70.30450568212956
210,261239073,train,1,4,2,2034.6166941937158,67.54245113942639
211,261257495,train,1,4,2,2031.2396003357428,76.16169055882123
214,261239088,train,1,4,2,2037.7890524101413,59.95437927461679
215,261236426,train,1,4,2,2029.710385308482,53.55097072662051
217,261239082,train,1,4,2,2031.9724368129664,56.89416326596088
219,261239081,train,1,4,2,2030.5989346610404,56.32565004049467
220,261239083,train,1,4,2,2037.4707268534387,62.3132867426643
221,261236413,train,1,4,2,2025.9692174136787,58.23574812092738
224,261239067,train,1,4,2,2024.020367391116,62.59633067281076
225,261236409,train,1,4,2,2020.011134802713,54.46572770911164
228,261236408,train,1,4,2,2016.6868425280313,50.918571515101725
230,261236391,train,1,4,2,2018.6800914028909,63.25863002168763
235,261239054,train,1,4,2,2021.9540347709303,69.7042384861343
238,261239053,train,1,4,2,2021.1322642981102,69.99848919089163
240,261239045,train,1,4,2,2019.352864597961,70.63537136964298
241,261239044,train,1,4,2,2019.9812375097642,71.54851668091001
243,261236380,train,1,4,2,2014.3010096052153,68.76618681451748
247,261239028,train,1,4,2,2013.1284642963856,76.62282076017158
249,261236384,train,1,4,2,2016.488857470402,65.16974803184728
251,261236375,train,1,4,2,2005.619529763008,62.61308890367538
255,261206847,train,1,4,2,2038.7770580041033,22.12634538957326
258,261204442,train,1,4,2,2029.1583738653435,19.393232013911415
263,261204430,train,1,4,2,2022.1819414230517,19.501842272693168
266,261204418,train,1,4,2,2016.6618196914221,24.112384395610306
269,261204415,train,1,4,2,2013.636964671207,23.40892646770431
273,261204396,train,1,4,2,2010.4181441273124,30.56483651546125
274,261204392,train,1,4,2,2004.0200376207088,26.676860087098916
277,261206807,train,1,4,2,2016.9934950435995,41.90692889994711
278,261204383,train,1,4,2,2009.497393602916,38.88168165068392
279,261204382,train,1,4,2,2008.641228459007,39.43766106335548
280,261204380,train,1,4,2,2005.2376831164488,40.873925143521205
281,261204371,train,1,4,2,2003.5134989287137,42.897049144851216
284,261204401,train,1,4,2,2013.7843708481882,31.655538569218546
285,261204394,train,1,4,2,2008.3628590616252,30.611757968487993
289,261204375,train,1,4,2,1997.3752961044538,34.02861221828529
292,261204363,train,1,4,2,1997.0986418078348,40.589756738884105
293,261204367,train,1,4,2,1998.1883912248004,40.250678261710945
296,261156502,train,1,4,2,1989.3328735538091,38.57016705893555
297,261156546,train,1,4,2,2007.1143425823843,19.653132372817325
298,261156544,train,1,4,2,2006.1931466071971,20.467036213291326
300,261156541,train,1,4,2,2001.079396048286,17.607751940344688
302,261156539,train,1,4,2,2003.0668736706825,22.59823973917722
303,261156529,train,1,4,2,1994.08402479347,21.62243461051004
311,392026016,train,1,4,2,1986.042035796589,10.261441424312286
314,392026007,train,1,4,2,1987.1918046385913,21.356049991718116
316,261156511,train,1,4,2,1985.3741639288753,26.681412927580066
318,261156498,train,1,4,2,1979.4015431419693,30.021394650244304
326,261156482,train,1,4,2,1979.4323458609656,38.67049099835212
327,261156475,train,1,4,2,1974.2101437910364,36.69518714076975
328,392025997,train,1,4,2,1979.0057099339808,26.473842707752464
330,392025991,train,1,4,2,1977.6375030654744,29.623277115730893
331,392025988,train,1,4,2,1973.1162882094675,28.366898419464313
337,261206777,train,1,4,2,1998.3133383828215,52.09018867783208
339,261204347,train,1,4,2,1993.6876008699521,53.217362172343016
341,261204335,train,1,4,2,1984.3828540987258,46.99100860806996
343,261204338,train,1,4,2,1987.7467600083974,49.85576223271786
345,261204331,train,1,4,2,1983.2475038385037,49.48039268612683
346,261204330,train,1,4,2,1983.1562037135195,49.96842462620656
347,261204324,train,1,4,2,1980.8257460080824,51.16013809295764
349,261206757,train,1,4,2,1993.4130326291738,62.73775984323131
350,261206763,train,1,4,2,1993.6171515067138,58.750790729669674
351,261206756,train,1,4,2,1988.8972253311308,57.84517481116915
361,261204294,train,1,4,2,1972.6880384259002,61.57225773383031
365,261204285,train,1,4,2,1966.3107964594708,64.98561754593622
366,261156481,train,1,4,2,1981.2307121328085,41.77271954715563
368,261156488,train,1,4,2,1983.0097580862544,40.87423030833125
369,261156480,train,1,4,2,1981.441582024369,42.03545076970815
370,261156474,train,1,4,2,1978.6313057907475,43.88367895398368
373,261156464,train,1,4,2,1969.6824478476574,41.135632619848394
375,261156447,train,1,4,2,1964.6241334013675,46.119272106975004
376,261156443,train,1,4,2,1964.384659396907,50.64919929246442
378,392025977,train,1,4,2,1969.1087431716703,37.240277699502855
380,392025965,train,1,4,2,1955.7757863315826,38.056400971746015
381,392025962,train,1,4,2,1959.3832370706027,43.56137525697409
384,392025956,train,1,4,2,1955.0737947453406,46.30072332706493
386,392025953,train,1,4,2,1954.2449370274535,47.427625895651914
390,261156446,train,1,4,2,1971.2295577895954,54.87590074299455
392,261156442,train,1,4,2,1967.5073335136121,54.32630478176343
395,261156428,train,1,4,2,1964.2488850777484,60.26590458360913
396,261204279,train,1,4,2,1962.5228659974805,63.694923870580055
401,392025936,train,1,4,2,1949.5463861871826,49.75233858200831
404,392025916,train,1,4,2,1939.8553259307027,55.39172711726387
405,724112617,train,1,4,2,1978.601495948366,2.6759134522234547
409,392013461,train,1,4,2,1964.8863664266992,10.199942458691877
415,261139874,train,1,4,2,1956.1886165665092,3.004491299865916
419,261139855,train,1,4,2,1946.9912604838196,8.848389197811434
421,392013449,train,1,4,2,1964.5503947263308,21.871988899361348
425,392013441,train,1,4,2,1959.2754955861656,20.8667523849847
427,392013431,train,1,4,2,1956.126950957203,25.20221492335369
428,392013427,train,1,4,2,1955.1779818706295,26.606300944869073
430,261139844,train,1,4,2,1942.9054527184724,14.974279132084904
432,261139831,train,1,4,2,1940.4422723948496,25.240857568719573
435,261139824,train,1,4,2,1933.5935584005001,21.352838976970386
436,261139852,train,1,4,2,1943.967777812517,6.03371000646123
437,261137462,train,1,4,2,1940.9275016606514,7.510249510974608
439,261137451,train,1,4,2,1935.860989623279,9.424476518129149
446,261137431,train,1,4,2,1923.9825746121685,20.391379233473092
450,261137418,train,1,4,2,1912.6493625206806,17.06944369165813
455,261108847,train,1,4,2,1904.6490150888071,14.948142385970177
456,261108834,train,1,4,2,1900.919340609567,17.28606471589839
457,392013419,train,1,4,2,1954.026733817386,33.49280022542206
460,392025941,train,1,4,2,1945.6660380566402,41.71945792533499
464,392013394,train,1,4,2,1940.0784275181438,40.063842651418916
468,392013395,train,1,4,2,1935.6149502518495,33.077693637970384
478,261139779,train,1,4,2,1919.5604758671338,39.52131789774069
479,261139776,train,1,4,2,1919.7234697504477,40.56999783386338
484,392013375,train,1,4,2,1927.6059439726444,49.257619481293325
486,392025903,train,1,4,2,1927.4150516175291,57.789635135666586
487,392013362,train,1,4,2,1922.3589492200508,55.8998369179375
491,392013373,train,1,4,2,1924.9044422489753,47.05879573368319
492,261139771,train,1,4,2,1915.1458075221217,41.75200649170892
495,261139755,train,1,4,2,1906.0699927255991,50.6119189196802
498,261137417,train,1,4,2,1917.2139716458469,27.834471184157625
499,261139788,train,1,4,2,1916.5504234044558,28.70259992086988
500,261137412,train,1,4,2,1913.7271892312574,26.01422770674657
501,261137407,train,1,4,2,1911.2574671396071,29.346139329861362
502,261137408,train,1,4,2,1911.7909143611566,28.909716180338993
507,261108823,train,1,4,2,1898.0803392476687,24.522080356714298
508,261137398,train,1,4,2,1901.9372197819926,24.025647120000777
512,261137386,train,1,4,2,1901.4514007741707,36.48050745603747
514,261139752,train,1,4,2,1902.8777316419653,47.29366902130818
515,261137366,train,1,4,2,1892.4061350194568,39.263668061486094
517,261137368,train,1,4,2,1891.8806031727859,38.082842333729374
518,261137370,train,1,4,2,1892.6395818970952,37.94334727218164
519,261137362,train,1,4,2,1889.0755129136467,38.76944669869689
520,261137359,train,1,4,2,1888.1375752482604,39.86767577367229
522,261108794,train,1,4,2,1884.3634632344924,35.87489904990137
523,724114390,train,1,4,2,1881.2561484251933,38.039138655628776
525,261137348,train,1,4,2,1880.7566663530515,40.12874764407875
530,261108852,train,1,4,2,1903.3646182375237,8.37920440975942
531,261106493,train,1,4,2,1895.3677193669778,8.164432795383874
532,261108835,train,1,4,2,1896.9735083729895,11.845428291518061
534,261108829,train,1,4,2,1895.624787352747,16.973580597259968
536,261106488,train,1,4,2,1890.6476836650706,9.785633726171708
538,261108819,train,1,4,2,1888.7026558427867,14.869303991166513
542,261091836,train,1,4,2,1874.864476558229,4.79014654556069
543,261091833,train,1,4,2,1874.9158635630822,6.118372043768703
545,261091817,train,1,4,2,1860.7963607830407,4.325164630687761
546,261091813,train,1,4,2,1858.371639371579,4.267024344168831
548,261108817,train,1,4,2,1891.8700483464227,21.130501274552167
549,261108811,train,1,4,2,1891.2261663333013,23.677298826909254
552,261108798,train,1,4,2,1882.9679662849858,30.128784071680524
555,261106468,train,1,4,2,1877.5014993731745,17.473483009081026
556,261106467,train,1,4,2,1878.789114177214,19.76083110188395
559,261108795,train,1,4,2,1881.6913823352072,31.794135805286288
560,261108788,train,1,4,2,1879.2276129560273,31.773677238429315
562,261108785,train,1,4,2,1874.3129494298098,28.517111473747974
564,261108766,train,1,4,2,1867.3478509922622,33.531758668101205
567,261108773,train,1,4,2,1874.1420871239718,37.50020741734726
568,261108768,train,1,4,2,1872.5724334586719,39.64806823763801
569,261108758,train,1,4,2,1867.918537208641,41.995377787688156
571,261106445,train,1,4,2,1864.7229560231635,25.97837545418591
575,261106431,train,1,4,2,1860.7754766747385,35.16678460406549
576,261106427,train,1,4,2,1857.375447715466,33.319659626366125
577,261106422,train,1,4,2,1857.2452868737842,39.09504259559163
578,261106413,train,1,4,2,1848.5671133443639,32.785001986021896
580,261106407,train,1,4,2,1848.4774049951004,36.743239737967755
585,261091797,train,1,4,2,1854.4820727251351,18.249695425037483
586,261091804,train,1,4,2,1855.3266202973703,15.446726201997729
591,261091806,train,1,4,2,1852.1927346053303,10.354301039007145
593,261089363,train,1,4,2,1842.8674301910391,7.817369469922836
594,261089345,train,1,4,2,1837.0306495219538,14.32817927378732
597,261091780,train,1,4,2,1847.64355303628,26.31361442220378
598,261091782,train,1,4,2,1845.564318138563,20.541317225052527
599,261091778,train,1,4,2,1842.5991756059827,20.674509231863393
600,261091769,train,1,4,2,1839.5422215760534,25.599749175258506
601,261106417,train,1,4,2,1847.3175551351499,29.04085986689913
602,261106402,train,1,4,2,1844.3484986950498,35.12415017992648
603,261091757,train,1,4,2,1837.3407573451382,30.363656776084213
604,261091751,train,1,4,2,1836.244125414387,33.7993249929591
605,261091750,train,1,4,2,1833.8848595742593,30.785530712613216
608,261091764,train,1,4,2,1834.332011563269,20.876335721811955
610,261091755,train,1,4,2,1831.3515442756257,23.90589893007275
612,261091749,train,1,4,2,1830.2424373858619,26.200884583722903
613,261091743,train,1,4,2,1828.1345252109022,29.50241448464009
614,261091738,train,1,4,2,1825.7688393227556,30.389571058658248
617,261089365,train,1,4,2,1840.6870699695494,3.002954721338078
620,261089338,train,1,4,2,1832.447930946091,10.49885706273553
621,261089339,train,1,4,2,1832.836283563857,10.491400956098772
636,261063083,train,1,4,2,1807.5309627516292,12.699307650648192
637,261063077,train,1,4,2,1803.8436414267744,14.978438934683858
638,261063078,train,1,4,2,1804.797101810665,16.273860814071107
639,261063072,train,1,4,2,1800.5211903408197,14.734298755951118
641,261063069,train,1,4,2,1797.153223943723,12.596532678924847
642,261063070,train,1,4,2,1802.232743806992,19.01579464929664
644,261063057,train,1,4,2,1798.0298089383239,21.809581038451338
646,261063062,train,1,4,2,1794.4831113159958,14.345056143826874
651,261060787,train,1,4,2,1793.8542956850742,4.584888951381512
657,261060768,train,1,4,2,1789.0946365757704,16.274897606411734
659,261060763,train,1,4,2,1785.0322263624969,13.562701109079194
660,392011090,train,1,4,2,1779.2068301351462,2.5833395180971803
662,261060765,train,1,4,2,1780.3647245027635,6.337269121969252
665,392011088,train,1,4,2,1780.6726922501327,4.956749535847114
667,392011072,train,1,4,2,1772.642654907218,3.5340491888073244
668,392011068,train,1,4,2,1769.099998484193,3.242509202460727
677,261260136,train,1,4,2,2041.6687283926246,89.40389857913118
680,261260133,train,1,4,2,2042.7917586369244,92.38058255721764
683,261260127,train,1,4,2,2036.1442433007178,90.64294682637617
686,261257472,train,1,4,2,2027.5038785050747,95.31221478758026
689,261257483,train,1,4,2,2030.3920752403494,87.48176321992412
693,261257461,train,1,4,2,2018.724742581235,93.92163322120267
694,261257460,train,1,4,2,2016.4816382692288,91.81339844094721
696,261239014,train,1,4,2,2011.2013364654001,89.6612583668632
697,261260112,train,1,4,2,2033.4637767377526,100.18562723734091
700,261260099,train,1,4,2,2024.7025815603588,105.24568399361601
703,261260090,train,1,4,2,2019.3825646815135,108.68701082735677
704,261257441,train,1,4,2,2015.2768421392561,105.77424556792701
709,261257446,train,1,4,2,2012.7441317957746,100.06863936702334
710,261239005,train,1,4,2,2007.0802761690682,93.3793270661636
712,261257438,train,1,4,2,2006.4468426776907,99.32682732324379
713,261238984,train,1,4,2,2001.8494470596052,98.54695781890848
716,261239029,train,1,4,2,2017.5279499558762,80.94054841581385
723,261239002,train,1,4,2,1999.8140342563693,86.56675661609842
726,261236353,train,1,4,2,2003.4129529764368,76.25579986115719
728,261236340,train,1,4,2,1997.086936147323,81.08628790029422
731,261236332,train,1,4,2,1987.3804848258433,79.46323541168826
732,261236338,train,1,4,2,1994.0761537841659,82.9188922772071
738,261238979,train,1,4,2,1998.25503763904,95.85763592504054
739,261238972,train,1,4,2,1993.2829634351538,96.9573972192575
743,261238955,train,1,4,2,1984.2815509592906,99.61015578848274
745,261236319,train,1,4,2,1989.5598569741032,89.8062009037576
746,261236314,train,1,4,2,1988.392296035503,92.4068994347164
747,261236308,train,1,4,2,1982.3272741492115,92.80083496615768
749,261236307,train,1,4,2,1985.28079713735,96.15705932133119
752,261260089,train,1,4,2,2020.5142049184085,110.24576657845769
757,261257433,train,1,4,2,2012.1978376807763,108.95640962178489
759,261260071,train,1,4,2,2016.0842880874773,118.77206521879793
760,261260066,train,1,4,2,2009.4827011169282,118.16557832758812
762,261257426,train,1,4,2,2001.5066523276405,110.07676320226166
763,261257423,train,1,4,2,2003.0954543921434,113.9759261081778
767,261260059,train,1,4,2,2008.7654237383463,124.58293929338068
769,261260056,train,1,4,2,2006.6070086788986,123.94992234251819
774,261260047,train,1,4,2,2001.0207092173637,123.35757316894532
776,261260034,train,1,4,2,2002.6211606953925,131.95726645175841
781,261257397,train,1,4,2,1992.2451547626808,129.5756803545153
788,261257380,train,1,4,2,1980.8438275898748,128.4818676205894
797,261238927,train,1,4,2,1976.2632214797918,111.33226013770992
801,261236275,train,1,4,2,1968.4028725753406,101.67487085143159
813,261238900,train,1,4,2,1966.651757072878,122.79546349852238
815,261238884,train,1,4,2,1955.4037464489024,127.11795925291368
816,261238888,train,1,4,2,1958.7986095432707,126.68049087774305
820,261236249,train,1,4,2,1957.1080512401409,114.89816575405692
822,261236228,train,1,4,2,1945.4154411699433,117.43366900363102
825,261206741,train,1,4,2,1989.336628623151,73.8782725382722
829,261206724,train,1,4,2,1978.1714805261277,73.57993716007388
830,261206722,train,1,4,2,1975.9632674028855,72.51787067050869
832,261206711,train,1,4,2,1972.674111138405,76.68883243156773
833,261206715,train,1,4,2,1979.1869232380548,79.93823064593829
836,261206703,train,1,4,2,1973.931321325262,81.17263920243117
841,261206695,train,1,4,2,1967.6946085260522,81.50247696330906
842,261206687,train,1,4,2,1962.457667652999,82.63765245773128
843,261204276,train,1,4,2,1969.1428789623617,73.51280797625225
846,261204264,train,1,4,2,1962.754416062924,77.4860252860769
849,261206684,train,1,4,2,1966.2827940616764,88.7229180894638
852,261206665,train,1,4,2,1961.7120470014238,96.92366912968328
853,261206669,train,1,4,2,1964.0164054298964,97.5144447013098
858,261204247,train,1,4,2,1955.4558020796974,85.60801814347317
860,261204234,train,1,4,2,1946.1992821176855,91.09893642322218
863,261204215,train,1,4,2,1939.4725489788,92.55976758974023
865,261156405,train,1,4,2,1953.141097424009,65.16486187326245
868,261156403,train,1,4,2,1950.6503267519577,64.56670084516861
869,261156394,train,1,4,2,1945.588961762869,64.13181527322652
871,261156377,train,1,4,2,1945.6275924605957,75.26478814198231
872,261156372,train,1,4,2,1940.0036414004949,72.5768351830858
875,261156389,train,1,4,2,1943.619351443919,64.56334749460048
878,392025904,train,1,4,2,1931.5466370328118,61.65149725728225
879,392025901,train,1,4,2,1930.7191976362312,62.31413802409447
880,261156370,train,1,4,2,1933.9636205226223,69.34977066477447
881,261156361,train,1,4,2,1932.5392958343973,70.94072574297029
884,392025871,train,1,4,2,1919.866108946247,70.99292203264605
885,261156364,train,1,4,2,1939.9121885276813,79.10147025264297
887,261156356,train,1,4,2,1935.2477450036197,78.15667848324611
890,261156346,train,1,4,2,1934.4701831722307,87.29501559842204
892,261156341,train,1,4,2,1930.115793670911,86.99152902402525
897,392025861,train,1,4,2,1917.8420460226776,79.0754146845247
905,261206653,train,1,4,2,1958.8014019970808,101.45785857737218
908,261206637,train,1,4,2,1948.6401917079043,102.60444072940206
909,261206631,train,1,4,2,1949.6609747713571,106.75124103126377
912,261206624,train,1,4,2,1944.3013983027054,106.16297875940953
913,261204216,train,1,4,2,1942.4709255434357,95.48289026589055
920,261204201,train,1,4,2,1934.7389643170834,101.92688923401433
921,261204193,train,1,4,2,1931.2731104379616,105.52176966379557
924,261206622,train,1,4,2,1947.3480292851448,112.3150906163983
926,261206619,train,1,4,2,1945.4072561670841,110.89645096501238
927,261206610,train,1,4,2,1942.5025393614042,114.38285945976668
928,261206607,train,1,4,2,1938.9145980609073,113.77232879446476
930,261206597,train,1,4,2,1932.8148025612095,112.07469869124532
933,261206596,train,1,4,2,1937.9263511167842,118.42419638231688
935,261206588,train,1,4,2,1935.2286826406755,121.27299954778648
937,261204188,train,1,4,2,1925.4053662221788,105.82172503299506
940,261204175,train,1,4,2,1924.3104736437272,110.29042529069385
941,261206565,train,1,4,2,1921.502561198144,118.79268135432851
943,261204162,train,1,4,2,1914.8563972158652,112.12905984143946
944,261204205,train,1,4,2,1930.5114736468463,93.61432619359034
947,261156319,train,1,4,2,1920.1938673294405,98.44336522328801
949,261156310,train,1,4,2,1917.2876556683016,100.6860890142962
950,261156315,train,1,4,2,1916.2323935085442,97.27031110302796
951,261156308,train,1,4,2,1913.841129160092,98.91206508689571
954,261156302,train,1,4,2,1908.852045027072,96.07025541316713
955,261156290,train,1,4,2,1904.1985127315577,95.89087318390192
957,261156289,train,1,4,2,1907.321293794296,100.15695979806762
959,392025833,train,1,4,2,1903.7976807356195,92.56770796574231
962,261204178,train,1,4,2,1920.0313642908625,104.9797064966725
963,261156292,train,1,4,2,1910.9625030606494,103.14493181662287
966,261204144,train,1,4,2,1907.0651567945388,116.49259340036572
967,261204147,train,1,4,2,1906.5757505425213,113.05784600821409
970,392025820,train,1,4,2,1895.8699823385796,99.38716148840022
971,392025817,train,1,4,2,1896.32033635986,101.91715182685994
974,392025807,train,1,4,2,1890.141985623701,105.96437748222387
977,261260005,train,1,4,2,1992.9790684386003,140.5752040408404
980,261257371,train,1,4,2,1981.3917700846682,138.95248621827676
981,261259999,train,1,4,2,1991.3124881613307,143.45473809919795
982,261259992,train,1,4,2,1984.7523231105297,142.8777623590579
986,261257363,train,1,4,2,1974.7989100080827,139.19599408432194
988,261257346,train,1,4,2,1967.7902057784845,141.9714313543608
989,261257345,train,1,4,2,1965.410332940662,139.88052691215148
990,261238873,train,1,4,2,1958.6758863886664,140.59235296110302
992,261257342,train,1,4,2,1971.1190949291554,148.93754998534612
997,261259947,train,1,4,2,1965.906953979786,158.63038864378655
998,261257319,train,1,4,2,1962.4256592329425,155.782651199893
1000,261257335,train,1,4,2,1968.2003197879537,149.11312277068518
1001,261257334,train,1,4,2,1966.0166323022956,149.55223189260659
1002,261257321,train,1,4,2,1954.6107729491525,146.58876150351762
1003,261257317,train,1,4,2,1958.581007497347,153.20536629124462
1005,261257305,train,1,4,2,1950.7298371211657,156.90528941152994
1006,261238831,train,1,4,2,1944.5371084303088,155.1716624436165
1010,261238882,train,1,4,2,1953.7409628275261,127.81645734942822
1011,261238871,train,1,4,2,1956.8259979461857,139.10762909667912
1012,261238863,train,1,4,2,1952.0967804520317,139.8148773150313
1016,261238850,train,1,4,2,1942.99852100081,139.3908677835718
1019,261236207,train,1,4,2,1942.8904115937858,129.5642017819124
1021,261236212,train,1,4,2,1942.2420345759808,125.2598177165782
1022,261236204,train,1,4,2,1935.7010758494007,127.09116473461249
1024,261236197,train,1,4,2,1934.2589382333542,132.7628712759716
1026,261236189,train,1,4,2,1931.4542700495253,134.85184849685155
1027,261236178,train,1,4,2,1928.8629428502552,137.01349999196873
1028,261238861,train,1,4,2,1952.322724261617,142.6597818166556
1031,261238849,train,1,4,2,1943.7207645317833,142.561970645081
1034,261238840,train,1,4,2,1945.731161111574,151.56816491587364
1035,724118541,train,1,4,2,1943.0178605376975,149.40862227590537
1039,261238822,train,1,4,2,1937.5073243494394,153.91576980232742
1042,261238815,train,1,4,2,1931.0278137542207,150.13764884679236
1048,261236164,train,1,4,2,1921.3693888302669,142.77734499497564
1049,261236161,train,1,4,2,1923.2006058888016,145.26787832047648
1050,261236155,train,1,4,2,1920.4641692051493,146.64376029766873
1051,261236154,train,1,4,2,1920.9079771902802,147.18637610067233
1056,261259927,train,1,4,2,1958.7205529411356,165.57162341909924
1058,261259919,train,1,4,2,1959.6302284210942,168.47087149406974
1060,261259918,train,1,4,2,1957.9768384088818,167.71386245616898
1063,261257295,train,1,4,2,1945.9265060089665,160.7950757592242
1064,261257289,train,1,4,2,1947.552310776641,166.7067216580584
1066,261257282,train,1,4,2,1944.204385251244,169.4391396307561
1068,261259901,train,1,4,2,1953.637459185614,176.10084208629902
1075,261257263,train,1,4,2,1940.741619858095,178.15068963523353
1076,261257275,train,1,4,2,1942.8996082337103,172.5998139349386
1078,261257256,train,1,4,2,1930.5421862767823,170.76503859576158
1079,261257248,train,1,4,2,1927.7147785343664,174.29165139050747
1081,261257242,train,1,4,2,1924.928888699019,175.56316459688995
1082,261257238,train,1,4,2,1925.4316778390018,179.59042286773013
1084,261238813,train,1,4,2,1934.309795117678,155.7600037441529
1089,261238800,train,1,4,2,1931.4420893967267,162.17756820747056
1093,261238789,train,1,4,2,1923.7643701370596,161.30837807127324
1098,724118860,train,1,4,2,1919.1712090029255,157.58925529567094
1100,261236134,train,1,4,2,1912.4405154060364,152.92494038289465
1101,261236126,train,1,4,2,1908.8754747720116,154.2171405234157
1108,261236104,train,1,4,2,1905.220076993393,160.92383310242747
1110,261238771,train,1,4,2,1924.2117162811865,172.45371959840577
1112,261238768,train,1,4,2,1921.8861714505135,170.64205136711146
1113,261238765,train,1,4,2,1918.3994635944016,169.00437476896215
1124,261236073,train,1,4,2,1899.8145316996242,175.87324541236146
1127,261236069,train,1,4,2,1893.081079534776,170.9538678807443
1131,261206566,train,1,4,2,1929.8770170831442,128.11081943795367
1133,261206573,train,1,4,2,1929.141104005938,123.32207315871196
1134,261206563,train,1,4,2,1924.5058783698946,126.38083572393387
1139,261206551,train,1,4,2,1920.650402236,131.34608543507653
1144,261204146,train,1,4,2,1913.4829119531664,121.53345885936912
1146,261204136,train,1,4,2,1905.726776355055,121.9884873705145
1147,261206547,train,1,4,2,1912.555313810767,128.4443828012108
1152,261206542,train,1,4,2,1918.1578812580099,137.7958694527803
1155,261206539,train,1,4,2,1910.6210399794122,133.6612533487944
1156,261206528,train,1,4,2,1909.8584700801377,140.4218090231673
1158,261206530,train,1,4,2,1913.8790094817116,144.48090727164572
1160,261236138,train,1,4,2,1911.263886027745,147.2775496903215
1162,261206534,train,1,4,2,1908.3691965289263,135.5637662105605
1163,261206526,train,1,4,2,1903.5364637467683,134.5061781563738
1164,261204107,train,1,4,2,1900.6845191067787,136.60887837175673
1172,261156262,train,1,4,2,1894.263770826992,118.81039691763814
1174,261156257,train,1,4,2,1891.429222156547,119.33211821058451
1177,261204111,train,1,4,2,1892.1350979711763,125.97504452734442
1178,261204102,train,1,4,2,1891.1083727302766,127.86743151891426
1179,261156251,train,1,4,2,1883.7750427365174,115.85979717398395
1181,392025793,train,1,4,2,1882.7241337884545,111.96413524759897
1182,392025792,train,1,4,2,1882.5434306065515,112.31155905042127
1185,261156244,train,1,4,2,1879.1618226113658,117.13993857757735
1186,261156236,train,1,4,2,1880.2646105505603,125.49429778267886
1187,261156227,train,1,4,2,1875.2830963008385,124.50635249838315
1191,261204084,train,1,4,2,1884.5117478281927,132.78182517721856
1196,261156216,train,1,4,2,1875.7576429398823,134.83747805038107
1197,261156224,train,1,4,2,1875.481010238898,128.17452241832018
1200,261156207,train,1,4,2,1867.8221204937583,130.88614099616646
1209,261206521,train,1,4,2,1908.3432648496375,148.22104721527936
1210,261206511,train,1,4,2,1905.777206048728,151.42639077486893
1211,261236119,train,1,4,2,1905.1163813797743,152.37330262422688
1213,261206507,train,1,4,2,1900.698287664923,149.31806078532546
1214,261206500,train,1,4,2,1896.03493775229,149.58780479872163
1216,261206503,train,1,4,2,1902.4148411884012,154.78066515233
1217,261236102,train,1,4,2,1900.467724991635,159.51842883345032
1219,261206486,train,1,4,2,1895.0169024841878,158.91060326603346
1222,261206479,train,1,4,2,1888.281717661266,158.71695528089634
1223,261206492,train,1,4,2,1889.1128312952915,148.09389616186596
1224,261204077,train,1,4,2,1888.2614712487173,145.22610857774177
1225,261204070,train,1,4,2,1882.3650866784492,145.0415141298535
1227,261204065,train,1,4,2,1883.1961553944284,150.7511795569016
1229,261204060,train,1,4,2,1881.5856800954746,152.12336684723007
1231,261206472,train,1,4,2,1884.921427589707,162.60236602687806
1232,261206465,train,1,4,2,1882.0314111037587,165.12314879705627
1234,261206452,train,1,4,2,1881.1965234831393,172.5431102395549
1235,261206449,train,1,4,2,1879.7076097564773,172.15524073544253
1237,261206471,train,1,4,2,1880.664260195596,158.68908725537239
1239,261204033,train,1,4,2,1875.2100200338791,159.6286344347471
1241,261206459,train,1,4,2,1873.79396856624,161.28943004812228
1243,261206450,train,1,4,2,1871.9920984672235,162.9330035911953
1246,261206443,train,1,4,2,1873.2810481795457,168.93386588316682
1247,261206428,train,1,4,2,1865.3428691495185,168.85121164989437
1248,261204019,train,1,4,2,1863.2474120780862,163.91096728884875
1250,261204011,train,1,4,2,1863.0449065149471,168.30166331448902
1251,261204062,train,1,4,2,1875.7679129742392,143.49627727214718
1254,261204058,train,1,4,2,1875.8039321538324,146.78169711149894
1255,261204055,train,1,4,2,1873.945828457684,145.8248043027235
1258,261204048,train,1,4,2,1873.0602314553248,149.6850807202617
1259,261204037,train,1,4,2,1868.2530464604574,149.7730468789489
1260,261156167,train,1,4,2,1856.7803779978171,150.476892149494
1262,261156170,train,1,4,2,1854.1917874011215,142.8913875179058
1263,261156169,train,1,4,2,1856.6128382349573,146.96641749364304
1266,261204023,train,1,4,2,1859.4500967148144,156.89174221351908
1268,261204022,train,1,4,2,1860.044897144816,158.7842772311679
1269,261204013,train,1,4,2,1855.8964725439064,158.2879898064386
1271,261204006,train,1,4,2,1854.8017553954855,162.3629018411018
1276,261204000,train,1,4,2,1850.3085292121148,164.63501539612528
1277,261156130,train,1,4,2,1848.6698937728481,162.17901046952832
1279,261156152,train,1,4,2,1849.3876066684516,151.3164500096827
1280,261156135,train,1,4,2,1846.306290379087,156.4396944403642
1282,261156137,train,1,4,2,1845.6599986694932,154.21191269132393
1283,261156142,train,1,4,2,1846.9060960501336,153.88806697067585
1286,261156134,train,1,4,2,1841.2260937890308,151.1893149984885
1289,392025690,train,1,4,2,1838.20227993677,151.81561476286512
1293,261156118,train,1,4,2,1836.4748600798357,154.78897728635792
1295,261156111,train,1,4,2,1836.8955739992273,159.11122093500006
1298,392025890,train,1,4,2,1924.6476795415906,62.633002141323125
1299,392013348,train,1,4,2,1914.8633560192359,59.415508175052615
1300,392025878,train,1,4,2,1922.1039943369221,66.05749609683966
1303,392013333,train,1,4,2,1909.5325718663357,68.50768757042233
1304,392013345,train,1,4,2,1909.154163568307,54.46705510636436
1305,392013341,train,1,4,2,1908.551355317577,59.334484453706885
1307,261139750,train,1,4,2,1905.7490033964423,54.15987023788747
1308,261139746,train,1,4,2,1904.0074013510355,56.15417439357247
1310,392013328,train,1,4,2,1897.397911947488,64.23101174077576
1313,392025859,train,1,4,2,1911.5904208842846,71.79078556494287
1325,261137346,train,1,4,2,1887.6810193989022,49.680417902098824
1326,261137332,train,1,4,2,1882.1871882522094,53.66635804031595
1328,261139728,train,1,4,2,1891.7530305150428,57.89727929248606
1329,261139726,train,1,4,2,1888.131059754518,56.73267325940422
1332,261139710,train,1,4,2,1886.6932085610424,63.558872827836616
1333,261139716,train,1,4,2,1885.676728881132,58.506772989255246
1337,261139707,train,1,4,2,1880.279359140246,59.13256586500705
1338,261137334,train,1,4,2,1879.3059348873655,49.42992950606468
1339,261137328,train,1,4,2,1881.067621061835,54.10888509364324
1340,261137322,train,1,4,2,1873.185952163722,50.13918627849915
1341,261137319,train,1,4,2,1872.7286868627514,51.219008159873376
1345,261137306,train,1,4,2,1863.389696863547,54.3502165715234
1346,724120058,train,1,4,2,1876.7047275037892,67.85295492750096
1347,261139703,train,1,4,2,1880.6818095122705,63.38536531597893
1348,261139695,train,1,4,2,1874.9648022259723,68.86739703768419
1350,261139693,train,1,4,2,1874.7315655880889,69.89047396332421
1352,261139684,train,1,4,2,1873.6202226495082,76.25093563377325
1356,261137307,train,1,4,2,1867.9416338090607,60.006221437867865
1360,261137291,train,1,4,2,1862.0391473661437,68.04279602473497
1363,392025828,train,1,4,2,1895.9785739608155,86.8452562451241
1364,392025827,train,1,4,2,1893.837414175577,89.50871627413001
1365,392013297,train,1,4,2,1891.888208249665,83.99167506155884
1367,392025816,train,1,4,2,1889.5030027220828,94.55794179485221
1370,392025814,train,1,4,2,1886.6872947040888,92.81489123795834
1372,392013292,train,1,4,2,1883.920980372442,80.3132313181746
1374,392013276,train,1,4,2,1878.1267113815802,85.09282279087526
1379,392013277,train,1,4,2,1880.0549063535211,86.98006002280651
1383,261139673,train,1,4,2,1869.9201276193578,84.78088132277266
1385,392025811,train,1,4,2,1889.1454544520743,99.86584277847041
1386,392025804,train,1,4,2,1882.1737914270686,100.07541713294043
1390,392025799,train,1,4,2,1877.0130945875517,102.32953401815547
1392,392013245,train,1,4,2,1864.1667963500743,98.45132778281966
1397,392013250,train,1,4,2,1861.9414233033617,93.97829299510218
1399,392013232,train,1,4,2,1856.7094540948754,102.27228357836464
1404,261139663,train,1,4,2,1865.322373409735,84.73630113408505
1405,261139655,train,1,4,2,1862.5372511338574,89.8466701384805
1407,261139658,train,1,4,2,1859.2634804387562,84.17916694130338
1409,261137263,train,1,4,2,1849.475781992762,76.75600578593296
1412,261137269,train,1,4,2,1850.4676259705375,74.7497918604376
1413,261139652,train,1,4,2,1851.948105114766,81.91810844812552
1415,261139640,train,1,4,2,1853.4155444627484,92.82216124639454
1416,261139643,train,1,4,2,1850.9106891446866,88.39585527894415
1419,261139636,train,1,4,2,1851.497060982122,91.76686957997117
1420,261139623,train,1,4,2,1844.1256443022935,90.72015831923794
1424,261139628,train,1,4,2,1844.921115065996,88.46885043569583
1429,261137233,train,1,4,2,1833.2100825225154,87.20075647103795
1436,261108743,train,1,4,2,1858.3921413953663,44.25066892537351
1440,261108738,train,1,4,2,1860.6753181762692,50.493968658412044
1441,261108731,train,1,4,2,1857.1832047863277,51.821002125863174
1442,261108725,train,1,4,2,1853.5201717069922,48.057376441223184
1443,261108732,train,1,4,2,1855.098630008096,48.07742939774586
1444,261108717,train,1,4,2,1849.503471710684,53.18703309772674
1445,261106420,train,1,4,2,1855.9839994536978,39.746121072355784
1446,261108741,train,1,4,2,1856.3397397617307,42.00906778522671
1447,261106410,train,1,4,2,1852.6031884261956,39.37738385859193
1450,261106400,train,1,4,2,1849.3600887881746,43.86762394170439
1452,261106385,train,1,4,2,1839.0049462977274,48.72822284532671
1453,261137293,train,1,4,2,1856.983532233875,59.23152921350641
1456,261108710,train,1,4,2,1847.3208134721924,61.51085179445651
1460,261106382,train,1,4,2,1836.8785583997114,52.90488392061687
1461,261108704,train,1,4,2,1840.4732535010303,56.78080611288054
1467,261108692,train,1,4,2,1835.800211442668,62.55443237083703
1469,261106365,train,1,4,2,1827.1082562916117,56.70119221242322
1470,261091736,train,1,4,2,1828.3982761966886,35.25166988988172
1471,261091730,train,1,4,2,1828.857633341859,38.62673135798333
1472,261091732,train,1,4,2,1831.1312862217153,40.213941482638155
1474,261091735,train,1,4,2,1829.0822435728373,36.98500873446161
1475,261091731,train,1,4,2,1831.3478278242017,41.44854987624381
1476,261106377,train,1,4,2,1830.4241673900747,45.752162466619204
1477,261091723,train,1,4,2,1828.4745709794186,40.95143253662169
1479,261091712,train,1,4,2,1824.482586548772,43.45937919095368
1480,261091710,train,1,4,2,1823.522997237431,43.407060799922405
1482,261091722,train,1,4,2,1823.0224211820616,33.904439858396486
1485,261089286,train,1,4,2,1815.782305282101,34.27284744114133
1488,261091697,train,1,4,2,1814.399905495782,39.798689154646596
1494,261091684,train,1,4,2,1815.8011442835655,51.66147730280287
1495,261106358,train,1,4,2,1822.393365798961,56.636391336890746
1499,261106345,train,1,4,2,1816.4215616931938,58.776477332938946
1502,261091672,train,1,4,2,1810.8313988237144,54.095358278689744
1506,261091649,train,1,4,2,1795.4304280208842,52.65971321006187
1513,261108676,train,1,4,2,1831.0028650459462,71.90870701931848
1519,261108665,train,1,4,2,1828.1447329676025,75.58392712712842
1522,261108673,train,1,4,2,1825.6296000446623,69.12629216202026
1523,261106349,train,1,4,2,1823.2792221810337,64.87843524668615
1524,261108658,train,1,4,2,1821.7477596745066,74.25901105935273
1528,261106323,train,1,4,2,1808.3303052677995,72.56744781316795
1530,261137236,train,1,4,2,1833.235732443751,82.8623902414179
1531,261108648,train,1,4,2,1822.3447993407663,85.17357550084338
1541,261108623,train,1,4,2,1809.2551172033698,84.16063288087582
1543,261106301,train,1,4,2,1800.9456817427638,82.20298392026064
1547,261106331,train,1,4,2,1808.1283935554623,62.79497074521242
1551,261106314,train,1,4,2,1804.8222202085033,73.72705928032248
1553,261106309,train,1,4,2,1800.6164792748737,72.04651785098687
1556,261091621,train,1,4,2,1793.864229533478,69.9075725692362
1560,261091643,train,1,4,2,1799.3141816736936,61.65592127939231
1561,724121099,train,1,4,2,1793.0094626852745,55.31920288739983
1562,261091635,train,1,4,2,1790.898174106567,55.79030011095887
1563,261091632,train,1,4,2,1789.7718668151567,56.043953558604144
1564,261091620,train,1,4,2,1787.4749651898023,61.3675226890284
1566,261091611,train,1,4,2,1781.4944312429848,63.955851525979746
1569,261091614,train,1,4,2,1790.40043009309,73.51135832017017
1571,261106275,train,1,4,2,1786.0090144431754,82.39353003675869
1573,261091594,train,1,4,2,1777.6223265001372,72.13868093096632
1574,261091593,train,1,4,2,1777.5641193293711,74.02819180363825
1577,261091584,train,1,4,2,1774.9723162877694,77.43006425925851
1583,392013228,train,1,4,2,1856.8225691891878,108.14495100143183
1584,392013225,train,1,4,2,1852.6320260349169,108.27073496091772
1585,392013224,train,1,4,2,1856.7351943155234,113.50230011430821
1587,392013214,train,1,4,2,1852.587380160887,112.59386770662893
1590,392013198,train,1,4,2,1840.096570244363,113.38631312025997
1591,392025758,train,1,4,2,1860.756329463473,122.2121824800787
1595,392025751,train,1,4,2,1855.8528447046185,121.33647608499744
1596,392013203,train,1,4,2,1851.127439341852,121.51522576573676
1598,392025739,train,1,4,2,1855.6536815713964,129.27442249069682
1599,392025734,train,1,4,2,1850.7034992272104,128.74346068620258
1601,392013199,train,1,4,2,1846.1132442930566,119.29236923725452
1609,392013182,train,1,4,2,1838.455696842491,127.28275553403869
1615,261139617,train,1,4,2,1845.5294710598455,104.514567372356
1616,261139614,train,1,4,2,1843.523064971375,106.22152765213805
1617,261139606,train,1,4,2,1839.919533984347,105.69501706262227
1619,261139613,train,1,4,2,1838.4057330982196,100.52276127033885
1624,261139592,train,1,4,2,1829.975320471528,104.50238902444437
1627,261139587,train,1,4,2,1826.8789486016371,106.1298348310174
1630,261137193,train,1,4,2,1814.4137807688908,104.09906318730503
1631,261139574,train,1,4,2,1828.732402742006,119.6402460446587
1632,261139576,train,1,4,2,1827.3573433123893,117.13953951499549
1636,261139567,train,1,4,2,1820.9768768219994,117.86421443946695
1637,261139563,train,1,4,2,1818.9404562416114,117.46017897243061
1638,261139569,train,1,4,2,1824.2176833571718,121.08052922128793
1639,261139556,train,1,4,2,1821.579748305048,125.18549876926572
1642,261139557,train,1,4,2,1814.924139324671,116.14749512626092
1646,261139535,train,1,4,2,1804.5898822136505,122.67091632987427
1648,392025721,train,1,4,2,1846.7109326922914,138.30615704725815
1649,392025714,train,1,4,2,1845.8752137080032,140.18621527265788
1653,392025709,train,1,4,2,1839.5968438255231,138.5697185882418
1654,392025710,train,1,4,2,1839.6737408319498,138.00307226563666
1656,392025699,train,1,4,2,1839.375646597924,146.96059453176005
1657,392025700,train,1,4,2,1837.700227160074,144.30370754142857
1659,392013173,train,1,4,2,1836.2007823036563,134.24453132956316
1660,392013164,train,1,4,2,1832.133446453228,137.44196246203322
1661,392013166,train,1,4,2,1828.1502483959173,131.06857024151657
1663,392013158,train,1,4,2,1827.5220612001485,140.38504086449677
1666,392013147,train,1,4,2,1821.5970790642232,138.39979101149018
1668,392013131,train,1,4,2,1816.06897409338,141.10788344825613
1672,392025683,train,1,4,2,1833.9756327612793,150.91571442468677
1677,392025673,train,1,4,2,1823.996697259756,150.9220752154507
1678,392025675,train,1,4,2,1824.2985059729742,147.95111718792236
1681,392025663,train,1,4,2,1824.9339673195573,158.92365131842533
1688,392013110,train,1,4,2,1807.9274246903778,152.73617619494922
1689,392013106,train,1,4,2,1806.1295062295849,153.32429535870745
1692,724121845,train,1,4,2,1799.836433191107,153.100123650816
1693,392013152,train,1,4,2,1818.4794636161482,133.49771463199926
1700,392013126,train,1,4,2,1810.8502169469064,139.29550539001048
1703,261139505,train,1,4,2,1799.4055417465654,135.2319126973024
1704,261139532,train,1,4,2,1802.2441863978142,123.82825199731137
1708,261137151,train,1,4,2,1795.4752255401627,120.66211295594083
1717,261139497,train,1,4,2,1791.0465370190154,132.6405843318492
1718,392013118,train,1,4,2,1807.5792037805759,141.02524188668346
1721,261139488,train,1,4,2,1792.4566068085364,143.03740514925275
1722,261139493,train,1,4,2,1791.7882401271588,136.19622692779976
1731,724122057,train,1,4,2,1809.6328627211255,99.92349885188003
1732,261108611,train,1,4,2,1808.2491571878093,93.94044706302459
1733,261108600,train,1,4,2,1803.7016854860676,97.52202580655877
1736,261108589,train,1,4,2,1798.1513613548234,103.31881352876756
1738,261106276,train,1,4,2,1791.8290054874126,89.48047164754882
1741,261106280,train,1,4,2,1796.1286531560388,92.58671748188472
1744,261108581,train,1,4,2,1790.9438999646602,101.64427291584104
1746,261106260,train,1,4,2,1781.8562516728248,99.45180043750901
1748,261137167,train,1,4,2,1801.2241317887292,107.71324380254272
1756,261137152,train,1,4,2,1791.0927510948904,114.01874235775551
1761,261106254,train,1,4,2,1780.2333852594509,100.47796007899754
1762,261108568,train,1,4,2,1780.8752022283454,101.239349434829
1764,261108556,train,1,4,2,1779.8865215687124,104.38975805544639
1765,261108546,train,1,4,2,1781.9721874196248,111.61160736810862
1770,261106270,train,1,4,2,1780.6994423541323,86.89268041963459
1774,261106240,train,1,4,2,1768.7403252398476,96.24826110406791
1775,261091564,train,1,4,2,1767.3281314277804,87.08248603772044
1776,261091566,train,1,4,2,1769.1069907586643,87.92623212919982
1781,261106231,train,1,4,2,1768.3221686718086,103.00621834725372
1785,261106213,train,1,4,2,1759.781646861248,108.15207967928251
1787,261106212,train,1,4,2,1760.1461682408756,108.89225457569978
1789,724122387,train,1,4,2,1757.4875100481916,108.194480488675
1793,261091544,train,1,4,2,1756.586358535935,97.43927780841584
1794,261091539,train,1,4,2,1754.5422262906097,100.61788905262712
1795,261091538,train,1,4,2,1748.8362704222902,95.53514078742865
1799,261091533,train,1,4,2,1751.8848591620226,102.60102480049862
1801,261106195,train,1,4,2,1753.8899715959149,106.94942414498547
1809,261108541,train,1,4,2,1781.2532234997018,116.98594134194731
1811,261108529,train,1,4,2,1777.341476030175,122.87531051084098
1822,261108524,train,1,4,2,1766.851904295985,113.02450265076749
1826,261108520,train,1,4,2,1765.941742874652,116.65859088803947
1827,261108513,train,1,4,2,1767.4498976467034,122.09263419770404
1832,261137094,train,1,4,2,1780.5136308757435,134.2108394567496
1833,261137091,train,1,4,2,1776.3842377854933,132.4786156329447
1836,261137067,train,1,4,2,1764.547146692004,141.06692592112745
1837,261137053,train,1,4,2,1758.322162610884,141.2793956284853
1838,261108497,train,1,4,2,1764.6546153332004,133.04007915377787
1841,261108474,train,1,4,2,1752.6485141223573,133.83370512810416
1842,261108470,train,1,4,2,1750.517375664917,135.3023847862189
1845,261106210,train,1,4,2,1761.001336107951,111.06737106773863
1846,261106200,train,1,4,2,1760.8263480213552,114.00576073964805
1847,261106199,train,1,4,2,1757.6715756748242,109.8457637934899
1848,261106194,train,1,4,2,1756.6074552372086,112.51968829932906
1850,261106173,train,1,4,2,1750.8107480055983,115.61596386086961
1851,261106187,train,1,4,2,1758.2328702237232,118.44153659135841
1854,261106177,train,1,4,2,1748.255535006224,110.43746078128811
1855,261091518,train,1,4,2,1742.5709865681092,106.18036606619816
1857,261091503,train,1,4,2,1735.5402909707873,111.06913598582551
1860,261108473,train,1,4,2,1748.1869049493414,128.15819754814746
1861,261106141,train,1,4,2,1744.0945155825068,128.97799801411617
1865,261108459,train,1,4,2,1742.197202310483,134.73898247937933
1869,261106126,train,1,4,2,1732.0478217029702,126.03244359079795
1872,261091471,train,1,4,2,1725.745769075408,121.19207743666792
1873,261106123,train,1,4,2,1731.6158813136701,127.07468561329303
1874,261106121,train,1,4,2,1729.3272618859655,127.35060584328457
1876,261106114,train,1,4,2,1723.7181585607543,127.09521488407769
1879,261259854,train,1,4,2,1946.1474343860323,188.49651285741348
1881,261259845,train,1,4,2,1939.6893862630404,188.35619663974796
1884,261259836,train,1,4,2,1936.4223615114367,193.82274196659424
1886,261259838,train,1,4,2,1938.3576013820511,194.21944709737033
1887,261259833,train,1,4,2,1936.7669679102498,196.38323363998796
1888,261259822,train,1,4,2,1930.6471371102193,195.92795756703674
1892,261257223,train,1,4,2,1926.931830832101,191.05367000795917
1895,261257235,train,1,4,2,1928.0560298559262,186.5559484284842
1896,261257221,train,1,4,2,1923.9027322928268,188.42518576624366
1900,261257215,train,1,4,2,1923.22249498759,191.88135403285855
1902,261257204,train,1,4,2,1913.6915841452917,189.61772058627227
1903,261257206,train,1,4,2,1915.9707587883904,191.02575132834687
1904,261257202,train,1,4,2,1912.4051013107883,188.3265707034643
1907,261257194,train,1,4,2,1911.8177896049008,192.6887355542656
1908,261259819,train,1,4,2,1931.7742464080843,200.2585390769911
1909,261259815,train,1,4,2,1927.885875489135,198.88538519611433
1914,261259802,train,1,4,2,1926.7847899762937,205.61212992182192
1915,261259773,train,1,4,2,1913.6218924952714,209.54779371610118
1918,261257186,train,1,4,2,1910.4502456802936,197.85297709648617
1919,261257187,train,1,4,2,1911.8653183400768,198.39777176365558
1920,261257185,train,1,4,2,1910.6057891256592,198.84321914784948
1926,261257162,train,1,4,2,1901.5398425184244,206.2922994338713
1928,261257165,train,1,4,2,1899.5178514704176,202.04535714357138
1930,261238733,train,1,4,2,1907.936111127217,186.11255765962414
1932,261238745,train,1,4,2,1908.8029121794807,180.1457893753638
1934,261238728,train,1,4,2,1904.1051621956956,183.72569357252146
1939,261238720,train,1,4,2,1898.0835590805718,184.48871531349624
1940,261238710,train,1,4,2,1895.0265960910158,186.76550343185073
1942,261238723,train,1,4,2,1897.7067994381814,181.82891291440885
1946,261236044,train,1,4,2,1883.2584384382637,181.36500565137698
1947,261238709,train,1,4,2,1901.0580100383079,194.36379862648914
1948,261238707,train,1,4,2,1893.4866632367127,192.15261668602608
1950,261238695,train,1,4,2,1888.2741501511462,196.4961615704368
1954,261238687,train,1,4,2,1888.724610056197,203.51921899673187
1955,261238691,train,1,4,2,1888.288024411366,199.898767499666
1957,261238680,train,1,4,2,1881.6281029914571,199.10247987381072
1958,261238681,train,1,4,2,1882.3133717632004,199.79686102006983
1964,261238673,train,1,4,2,1879.0806392028048,198.51049028377497
1965,261236014,train,1,4,2,1876.1277490303764,196.38671785648066
1969,261259775,train,1,4,2,1918.7295381633467,213.86821019559315
1971,261259765,train,1,4,2,1912.444812542867,211.581667945498
1976,261259740,train,1,4,2,1901.5388703676774,222.2086431136726
1980,261257157,train,1,4,2,1899.874347648784,207.77289621600042
1983,261257150,train,1,4,2,1892.6017230734124,208.66584058600327
1985,261257132,train,1,4,2,1890.4516057146438,219.52066240548734
4,261257633,val,1,4,2,2084.047021379247,25.733490690199776
13,261236559,val,1,4,2,2070.9741363494413,2.69714942997367
24,261236522,val,1,4,2,2065.750388710865,22.912803149885256
28,261236529,val,1,4,2,2061.9102971778993,13.207875755948344
35,261236515,val,1,4,2,2058.634205819572,18.885643664324185
38,261236512,val,1,4,2,2056.385425489136,17.537040043311922
89,261260243,val,1,4,2,2084.6309168003518,43.245799923001485
112,261260219,val,1,4,2,2079.4142373561785,57.659367397715044
166,261206832,val,1,4,2,2036.427816439916,32.489488712599496
207,261257494,val,1,4,2,2037.498654378329,82.93651855250818
222,261236416,val,1,4,2,2027.3670133070218,58.46925957320365
226,261236410,val,1,4,2,2018.4811525133719,51.30406226426202
246,261236366,val,1,4,2,2010.763742715673,72.88345503643113
291,261204361,val,1,4,2,1998.4736063485764,43.35170897764654
299,261156542,val,1,4,2,2003.195265354872,18.91871944884612
323,261156485,val,1,4,2,1976.120462938807,34.57467779232931
334,392025971,val,1,4,2,1958.8058663230956,33.678392885130606
336,261206789,val,1,4,2,2002.9590785450864,45.890370850864535
352,261206748,val,1,4,2,1988.670748559962,65.74234549283156
362,261204288,val,1,4,2,1969.8343271737176,63.838145774391094
383,261156438,val,1,4,2,1957.7269065383643,48.71135280058779
411,392013450,val,1,4,2,1958.8854947212606,14.299956873051636
424,392025983,val,1,4,2,1964.4767755352448,25.572706070879747
431,392013413,val,1,4,2,1943.005375676558,26.150951895717352
503,261137409,val,1,4,2,1910.1275463966467,26.19893920551701
506,261137401,val,1,4,2,1904.9464958909543,26.10287441769588
558,261106446,val,1,4,2,1864.086907720792,23.021231476666262
563,261108774,val,1,4,2,1870.9194434633425,32.97037692861334
632,261089291,val,1,4,2,1811.9993493392813,23.255091473488637
643,261063067,val,1,4,2,1801.879503839274,21.453104186277688
645,261063060,val,1,4,2,1798.6078775063272,21.70151585636921
675,391950148,val,1,4,2,1755.4174250198255,5.5191237584991875
682,261260116,val,1,4,2,2032.3648279153488,96.55836954597038
688,261257485,val,1,4,2,2030.5122028595536,85.02318184263561
695,261257454,val,1,4,2,2012.6730697096625,92.60465531902847
702,261260092,val,1,4,2,2021.271337656383,107.95711511223017
711,261257443,val,1,4,2,2009.766598825399,97.82393114938513
720,261239004,val,1,4,2,2005.125454664382,91.27778499811137
721,261239008,val,1,4,2,2002.7907845134068,84.77766594930048
733,261236327,val,1,4,2,1991.3576946575974,87.1848133372848
764,261257422,val,1,4,2,1999.3297899015263,110.65303216826737
786,261257395,val,1,4,2,1984.8243378203333,123.22199509452312
791,261238939,val,1,4,2,1982.6054932055117,109.81214431684282
798,261238920,val,1,4,2,1972.7991811027473,115.37582360417696
838,261206705,val,1,4,2,1971.505726585498,78.10014233094452
848,261206691,val,1,4,2,1964.2391907423785,80.31230447933547
856,261206678,val,1,4,2,1960.0342954480554,84.12753738672453
862,261204227,val,1,4,2,1941.4336910207908,90.16429590999616
895,392025867,val,1,4,2,1922.2460713170053,77.76955238354142
903,261206647,val,1,4,2,1954.446774673684,99.56677418976386
906,261206643,val,1,4,2,1954.1516641087883,101.83634926136756
907,261206646,val,1,4,2,1951.4315390962593,97.1339082789041
918,261204210,val,1,4,2,1935.3477378290245,97.0247326984636
922,261204197,val,1,4,2,1930.6291690206335,102.25382733908953
939,261204183,val,1,4,2,1923.0330116004757,106.54086404600395
994,261259955,val,1,4,2,1971.2707356626875,160.3021627421197
1004,261238843,val,1,4,2,1949.5730748154613,151.00487617501176
1099,261236132,val,1,4,2,1911.8295819325933,152.93358400614565
1102,261236127,val,1,4,2,1913.9539284528125,158.02788256390437
1111,261238766,val,1,4,2,1919.4131095131731,169.98034763197438
1125,261238736,val,1,4,2,1901.9116983818774,176.8191473250802
1126,261236076,val,1,4,2,1897.6993524348413,171.38556142728305
1132,261206576,val,1,4,2,1929.2206136486125,122.34141712322094
1135,261206558,val,1,4,2,1921.6283895965296,127.3025655865929
1230,261206475,val,1,4,2,1887.3325191483389,160.84165991221178
1264,261156162,val,1,4,2,1852.135236464122,148.70832999374522
1270,261156148,val,1,4,2,1852.908316100827,157.7455949469926
1316,392025848,val,1,4,2,1906.5472689547537,76.96802459103955
1322,261139704,val,1,4,2,1885.5423738364543,69.47778930955855
1406,261139659,val,1,4,2,1859.499431887144,83.07727161543754
1408,261137270,val,1,4,2,1852.9285662757877,75.84080390889054
1411,261137275,val,1,4,2,1850.6123470921834,72.34319477254962
1417,261139639,val,1,4,2,1849.9709975613234,89.0164853364318
1423,261139620,val,1,4,2,1843.9491995486096,94.55925977780213
1425,261139629,val,1,4,2,1845.761642047747,88.58177187555182
1465,261106371,val,1,4,2,1832.2660613671699,56.17991676311738
1478,261091716,val,1,4,2,1826.0519771929603,41.04877810191918
1515,261137242,val,1,4,2,1834.4292838355657,80.11046373319361
1559,261091652,val,1,4,2,1800.159580123,57.500458198376435
1567,261106305,val,1,4,2,1800.0903585577473,77.04634492718058
1603,392013192,val,1,4,2,1842.6400906618665,120.01081598906748
1605,392013187,val,1,4,2,1836.2438777416917,120.62907414236574
1690,392013107,val,1,4,2,1806.476948841084,153.3838573267741
1712,261139518,val,1,4,2,1800.2324302189902,129.81429133002248
1713,261139519,val,1,4,2,1801.3161971901277,130.79237369611147
1727,261137093,val,1,4,2,1782.9832888091607,137.7499346342882
1747,261137168,val,1,4,2,1804.3452077989793,109.96264603673795
1759,261108562,val,1,4,2,1782.7258060501747,106.31602177523993
1796,261106216,val,1,4,2,1757.1851072554662,101.61543286544652
1808,261137134,val,1,4,2,1784.508242795941,119.3811791905344
1849,261106183,val,1,4,2,1754.1675099772078,114.71332268102752
1858,261106146,val,1,4,2,1740.3622775416318,120.12294812599194
1880,261259844,val,1,4,2,1939.368944670673,188.321961368833
1883,261259839,val,1,4,2,1939.2122528415887,194.2592854738649
1929,261257163,val,1,4,2,1900.8175374175808,205.39034653880628
1956,261238689,val,1,4,2,1886.1332937102973,198.88804136113336
1961,261236025,val,1,4,2,1880.6522777963821,195.52103685575065
1966,261236013,val,1,4,2,1876.0887623190767,197.36626430469616
1967,261238670,val,1,4,2,1877.027250010767,200.22278365288054
1981,261257156,val,1,4,2,1900.0583455199442,208.28576258302408
6,261236568,test,1,4,2,2081.8255766487528,4.8608923582757235
12,261236555,test,1,4,2,2070.6398080229956,4.011486390785272
26,261239166,test,1,4,2,2065.5067586819196,23.616481544758958
49,261206874,test,1,4,2,2049.9956330979026,13.391027909439629
67,261204438,test,1,4,2,2021.9990643738722,13.969770127222116
71,261156580,test,1,4,2,2018.6159082202328,3.7583694003079753
97,261257595,test,1,4,2,2075.8353919573083,42.370911104608666
122,261257569,test,1,4,2,2065.558393303748,51.89090514015527
143,261239131,test,1,4,2,2059.753314909485,39.74808169789364
175,261239098,test,1,4,2,2038.6274360200666,48.91965415899003
176,261236461,test,1,4,2,2039.945546821878,40.59931260680968
177,261236462,test,1,4,2,2040.9039538407867,41.00228488568143
194,261257531,test,1,4,2,2045.6406749682244,60.63910293365708
212,261257489,test,1,4,2,2026.8422028093314,78.54075869572269
216,261239084,test,1,4,2,2032.803986053185,56.60927115641621
248,261239023,test,1,4,2,2009.6927866318326,76.68372967096198
267,261204416,test,1,4,2,2013.598219580924,21.154503017248047
268,261204413,test,1,4,2,2012.5933164557596,22.900332312278934
306,392026017,test,1,4,2,1989.0787998515902,12.00652685395528
324,261156487,test,1,4,2,1978.5791074830609,36.29193075495179
325,261156484,test,1,4,2,1978.8503820412839,37.9373922808483
354,261206737,test,1,4,2,1981.2014360388146,65.29611381956664
379,392025966,test,1,4,2,1957.9269193017872,40.0438989695838
382,392025957,test,1,4,2,1955.0307990453732,45.40480934639105
444,261139821,test,1,4,2,1931.6796438764495,20.906739794715154
445,261139817,test,1,4,2,1926.059903863449,20.878588990569323
482,392013386,test,1,4,2,1936.7730333953045,48.10990401475737
511,261137379,test,1,4,2,1892.5253216077722,30.67354129113437
615,261089303,test,1,4,2,1821.0080069716344,27.301605840885145
619,261089343,test,1,4,2,1830.3994511174985,6.190226457896567
624,261063106,test,1,4,2,1820.9733415042092,2.7811130561023933
629,261089321,test,1,4,2,1824.7370217967007,16.37134456204091
633,261089285,test,1,4,2,1808.9706856276046,24.859047587411904
658,261060769,test,1,4,2,1790.1001479596177,16.975316078886454
678,261260129,test,1,4,2,2038.508874006556,90.55688250411055
685,261257471,test,1,4,2,2025.9272196330207,93.84273960850936
691,261257476,test,1,4,2,2020.622265107265,84.89155366299764
692,261257479,test,1,4,2,2025.2165300815566,88.85030226539331
698,261260117,test,1,4,2,2034.0518264711407,98.27550165553825
740,261238961,test,1,4,2,1992.2397873526972,101.9028669488918
773,261260038,test,1,4,2,2002.2200506295414,128.9096374410081
789,261257382,test,1,4,2,1984.8797805284228,131.8906768671309
824,261236222,test,1,4,2,1944.463124015991,123.18770303815823
839,261206701,test,1,4,2,1971.4963397618264,82.18623327458135
861,261204223,test,1,4,2,1942.8573617713223,93.67508929092735
870,261156386,test,1,4,2,1949.863386733282,73.44116255779315
893,261156336,test,1,4,2,1924.3325570597729,86.0798932137167
900,392025846,test,1,4,2,1909.653412853999,80.85650969137056
931,261206600,test,1,4,2,1934.3647315419723,112.7253608315719
965,261204155,test,1,4,2,1909.5026667805582,110.43669686179169
973,261156271,test,1,4,2,1892.0017859571074,108.16337934005817
991,261238869,test,1,4,2,1957.7037743475146,141.50708994783514
996,261259954,test,1,4,2,1970.7587694379556,159.76762465103508
1014,261238874,test,1,4,2,1954.217751604484,135.30764828496396
1032,261238842,test,1,4,2,1939.0584403841622,142.2378953157697
1053,261259943,test,1,4,2,1967.1851559973156,163.95013860419684
1059,261259914,test,1,4,2,1954.9115406068647,166.8641674795739
1067,261257278,test,1,4,2,1937.7013601954693,165.12636413501292
1073,261259861,test,1,4,2,1943.7552031911607,182.75889560018754
1138,261206562,test,1,4,2,1927.0255177399931,130.07347116833992
1149,261204118,test,1,4,2,1898.2696210299562,127.51142179080092
1150,261206546,test,1,4,2,1919.9776096697362,138.06686412716758
1171,261204129,test,1,4,2,1901.6962984395593,122.46046779791297
1175,261156258,test,1,4,2,1891.790583773064,119.60392643973607
1198,261156222,test,1,4,2,1875.220687928137,131.14732271068564
1199,261156208,test,1,4,2,1868.2334839423843,130.97639339652642
1284,261156141,test,1,4,2,1846.9366266250956,154.0881093889602
1398,392013239,test,1,4,2,1863.5522663799738,104.96320075130207
1414,261137251,test,1,4,2,1847.412090052516,83.08305239486508
1418,724120419,test,1,4,2,1847.1095846517487,89.05287816307892
1422,261139627,test,1,4,2,1850.8628728007634,97.11590430980476
1449,261108736,test,1,4,2,1853.47998645512,43.93370238815466
1473,261091733,test,1,4,2,1828.9753186453593,37.15675040640601
1483,261091707,test,1,4,2,1817.1171326522344,36.42187068839434
1487,261091708,test,1,4,2,1820.603829275399,41.2678420006976
1489,261091695,test,1,4,2,1814.2710585683085,41.42206965793984
1514,261137247,test,1,4,2,1839.4611272516202,76.3281859107555
1526,261108647,test,1,4,2,1815.1146799388416,76.09855728273442
1537,261108636,test,1,4,2,1812.160876438318,78.99301296240439
1542,261108617,test,1,4,2,1804.1784879870982,84.42501087033109
1612,392013180,test,1,4,2,1835.7192519130565,125.40243900969298
1618,261139607,test,1,4,2,1840.5861265725255,106.40389516606108
1633,261139571,test,1,4,2,1823.9398294972864,119.56883844792493
1651,392025711,test,1,4,2,1838.1640719356324,133.4472900365822
1664,392013156,test,1,4,2,1823.620755644674,138.05111377082204
1665,392013143,test,1,4,2,1823.0614459951357,142.80155103731025
1671,392025689,test,1,4,2,1835.4152716183105,149.95355057405362
1694,261139543,test,1,4,2,1813.5819129867727,127.16928660780526
1697,261139530,test,1,4,2,1806.668260554507,130.38721007336653
1716,261137128,test,1,4,2,1790.0270557700685,130.08192077624392
1745,261108586,test,1,4,2,1791.2693401449442,95.89903352866614
1763,261108569,test,1,4,2,1781.1671111008563,101.06534275025558
1768,261108532,test,1,4,2,1770.728695524063,111.2901088780411
1773,261106245,test,1,4,2,1769.0003968752123,92.99893881388992
1792,261106220,test,1,4,2,1758.6013146544396,99.00181685182257
1824,261108522,test,1,4,2,1769.2966096185146,118.10026722068486
1825,261108514,test,1,4,2,1766.4380315424394,119.9525791289076
1840,261108472,test,1,4,2,1755.9276885983563,139.5589556903568
1906,261257197,test,1,4,2,1912.528079956987,191.7617368338971
1974,261259744,test,1,4,2,1903.5406018960184,221.9613165454459
